브랜드,국가,주요 카테고리,라인업 규모,국내 상태,규제통과성(5=쉬움),브랜드확보가능성(5=쉬움),국내수요적합(5=높음),등급,핵심 메모
Viridian Nutrition,영국,종합·단일성분,200+ SKU,11번가 구매대행 있음 / 정식 없음,5,4,4,A,단일성분 위주라 공전 매칭 최적. 1차 20~30종으로 시작
Wild Nutrition,영국,여성 전주기,30+,정식 없음,4,4,5,A,Food-Grown. 생리~갱년기 단계별 큐레이션 축이 국내에 없음
Ancient + Brave,영국,콜라겐·이너뷰티,15+,정식 없음,5,4,4,A,카카오+콜라겐 포맷이 신선. 성분 단순해 인허가 쉬움
Ogaenics,독일,유기농 여성,20+,정식 없음 / IntradeKorea 벤더 등재,4,5,4,A,한국 진입 의향 시그널 가장 강함. 유기농 인증 별도 검토
Supergut,미국,혈당·식이섬유,10+,정식 없음,4,4,5,A-,제품명 GLP-1 사용 → 한국용 제품명 변경권이 계약 전제
Hiya Health,미국,어린이,6+,정식 없음,4,3,5,A-,무설탕+구독+소아과 감수. 국내 키즈 건기식 공백
HUM Nutrition,미국,이너뷰티,25+,정식 없음,4,3,5,A-,고민별 SKU 구성이 국내 탐색 방식과 일치
New Nordic,스웨덴,헤어·뷰티,20+,11번가 iHerb 경유 판매 / 정식 없음,4,4,4,A-,Hair Volume 임상. 국내 헤어 카테고리에 정식 브랜드 없음
The Beauty Chef,호주,이너뷰티(발효),20+,정식 없음,3,4,5,A-,올리브영 이너뷰티와 포맷 일치. 균주 SKU별 확인 필요
Bare Biology,영국,오메가3·마린콜라겐,10+,정식 없음,5,4,3,B+,EPA/DHA 고시형이라 기능성 표시 가능. 단 가격경쟁 극심
Cytoplan,영국,전문가 채널,100+,정식 없음,4,4,3,B+,약국·기능의학 채널. 메타지닉스 자리의 대안
Momentous,미국,스포츠·수면·롱제비티,25+,정식 없음,4,3,4,B+,NSF 인증. 스포츠 채널 별도 구축 부담
Cymbiotika,미국,리포좀 프리미엄,30+,정식 없음,3,4,4,B+,wholesale 창구 운영 중이라 접촉 쉬움
The Nue Co,미국,럭셔리 미니멀,15+,REVOLVE 코리아 직구 노출,4,3,4,B+,신세계·W컨셉·편집숍 채널
Novoma,프랑스,종합,50,정식 없음,4,4,3,B+,TRAACS·Naticol·Melotime 특허원료. 프랑스 슬롯 공백
Nutri&Co,프랑스,종합,30,정식 없음,4,4,3,B+,SKU 적어 초기 부담 작음
WelleCo,호주,그린스 럭셔리,10+,정식 없음,2,3,4,B+,엘 맥퍼슨·NET-A-PORTER. 성분 40종이라 인허가 부담
JSHealth,호주,헤어·스킨,20+,정식 없음,3,3,4,B+,영양사 설계 + SNS 서사
Nutra Organics,호주,콜라겐·본브로스,50+,정식 없음,4,4,3,B,호주 콜라겐 축. 슈퍼푸드 라떼 포맷
Imbibe,호주,마린 콜라겐,10+,정식 없음,4,4,3,B,임상 용량 마린콜라겐
Wellbel,미국,헤어,3,정식 없음,3,4,4,B,의사 설계 비건. SKU 적어 가볍게 시작 가능
Perelel,미국,여성 단계별,10+,정식 없음,3,3,4,B,산부인과 의사 설계. 엽산·철분 함량 국내 상한 검토
Needed,미국,임신·산후,15+,정식 없음,3,3,4,B,임산부 표시 규제 엄격
O Positiv (URO),미국,여성 유산균,10+,정식 없음,2,4,4,B,V-Positiv 균주가 고시 19종에 들어가는지가 관문
Artah,영국,혈당·이노시톨,5+,불명 / 보그 코리아 기사 언급,2,4,4,B,이노시톨 국내 기능성 미인정 → 기타가공품만 가능
Vida Glow,호주,마린 콜라겐,15+,불확실(재확인 필요),4,2,4,B,정식 진입 여부 확정 필요
Sunday Natural,독일,초광범위,1000+,정식 없음,4,2,3,B,SKU 관리 부담 극심 + 자체 D2C 강함
LYMA,영국,초프리미엄,1,정식 없음,3,3,3,B,SKU 1개라 라인업 전략과 어긋남. 백화점·럭셔리용
LMNT,미국,전해질,5,11번가·G마켓·롯데ON 구매대행 다수,4,2,4,B-,나트륨 고함량 표시 이슈 + 브랜드 D2C 성향
Moleqlar,독일,롱제비티·스페르미딘,20+,정식 없음,2,4,3,B-,스페르미딘 국내 원료 사용 가능성 확인 필요
Moon Juice,미국,어댑토겐·헤어,15+,정식 없음,3,3,3,C,SuperHair 성분 확인 필요(쇠뜨기 등)
Arrae,미국,붓기·수면,8,정식 없음,3,3,3,C,86% 감소 류 표현 국내 심의 불가 → 마케팅 전면 재제작
Symprove,영국,액상 프로바이오틱,4,정식 없음,2,3,3,C,균주 확인 + 액상 콜드체인 물류 부담
Nutrafol,미국,탈모,10+,정식 없음,2,1,5,C,유니레버 소유로 독점권 난이도 최상 + 탈모 표방 불가
Vegamour,미국,헤어,15+,11번가 세럼 리스팅,3,2,4,C,세럼 중심이라 건기식 비중 작음
Pure Encapsulations,미국,전문가 채널,300+,11번가·쿠팡 직구 활발,3,1,3,C,네슬레 소유. 직구가 이미 가격 형성
Designs for Health,미국,전문가 채널,200+,iHerb 판매,3,2,3,C,직구 채널 선점
Ancient Nutrition,미국,멀티콜라겐·본브로스,50+,iHerb 월 100~1000개 판매,4,2,2,C,채널 선점으로 정식 수입 가격 우위 작음
BiOptimizers,미국,마그네슘,10+,iHerb 코리아 판매,2,3,3,C,마그네슘 7종 중 국내 미허용 형태 확인 필요
Tru Niagen,미국,NAD+ (NR),5,캐나다몰·구매대행 다수,2,2,3,C,NR 국내 기능성 미인정 → 기타가공품만
Genuine Health / AOR,캐나다,종합,100+,캐나다 직구몰 다수,3,3,2,C,직구 채널 포화
RYZE / DIRTEA,미국·영국,버섯 커피,10+,쿠팡 리스팅,4,2,3,C,진입장벽 낮아 독점권 가치 짧음
Form Nutrition,영국,비건 프로틴·노트로픽,10+,정식 없음,4,3,2,C,국내 프로틴 시장 포화
Innermost,영국,프로틴·노트로픽,15+,정식 없음,3,3,2,C,동일
Just Thrive,미국,포자형 유산균,10+,정식 없음,1,4,3,C-,바실러스는 고시 19종 밖 → 건기식 경로 불가
Neurohacker (Qualia),미국,노트로픽,10+,정식 없음,1,3,3,D,바코파 = 국내 반입 차단 성분. 주력 SKU 통째로 막힘
Seed,미국,신바이오틱,3,11번가 구매대행 14만원대,1,1,4,D,24종 균주 → 고시 19종 체계와 충돌
AG1,미국,그린스,3,11번가 구매대행,1,1,4,D,성분 75종 + D2C 구독 절대 양보 안 함
Bloom Nutrition,미국,그린스,20+,정식 없음,1,2,3,D,그린스 파우더 성분 심사 난이도
Ritual,미국,멀티비타민,15+,정식 없음,3,1,4,D,완전 D2C·구독. 유통사를 두지 않는 정책
NOVOS,미국,롱제비티,5,정식 없음,1,3,3,D,핵심이 NMN → 국내 미승인
Timeline (Mitopure),스위스,우로리틴A,10+,정식 없음,1,2,3,D,우로리틴A 신규 원료 → 한시적 인정 절차 필요
fatty15,미국,C15:0,3,직구몰 노출,1,3,3,D,국내 신규 원료. 인정 절차부터 필요
Pendulum,미국,아커만시아·혈당,6,정식 없음,1,3,5,D,고시 19종 밖 + 동아제약이 2025.9 개별인정 선점. 유통 딜로 성립 불가
